<?xml version="1.0" encoding="UTF-8"?>
<project-private xmlns="http://www.netbeans.org/ns/project-private/1">
    <open-files xmlns="http://www.netbeans.org/ns/projectui-open-files/2">
        <group>
            <file>file:/D:/Java/Final%20Project/Final%20GUI/TicTacGuiV4.0/src/tictacgui/LocalScreen.java</file>
            <file>file:/D:/Java/Final%20Project/Final%20GUI/TicTacGuiV4.0/src/game/Game.java</file>
            <file>file:/D:/Java/Final%20Project/Final%20GUI/TicTacGuiV4.0/src/game/TicTacToe.java</file>
            <file>file:/D:/Java/Final%20Project/Final%20GUI/TicTacGuiV4.0/src/tictacgui/ChooseToken.java</file>
            <file>file:/D:/Java/Final%20Project/Final%20GUI/TicTacGuiV4.0/src/tictacgui/UserName.java</file>
            <file>file:/D:/Java/Final%20Project/Final%20GUI/TicTacGuiV4.0/src/game/HumanPlayer.java</file>
            <file>file:/D:/Java/Final%20Project/Final%20GUI/TicTacGuiV4.0/src/tictacgui/ChooseLevel.java</file>
            <file>file:/D:/Java/Final%20Project/Final%20GUI/TicTacGuiV4.0/src/tictacgui/TicTacGui.java</file>
            <file>file:/D:/Java/Final%20Project/Final%20GUI/TicTacGuiV4.0/src/tictacgui/ChooseGame.java</file>
            <file>file:/D:/Java/Final%20Project/Final%20GUI/TicTacGuiV4.0/src/tictacgui/Screen.java</file>
            <file>file:/D:/Java/Final%20Project/Final%20GUI/TicTacGuiV4.0/src/tictacgui/Screen3.java</file>
            <file>file:/D:/Java/Final%20Project/Final%20GUI/TicTacGuiV4.0/src/game/AIPlayer.java</file>
            <file>file:/D:/Java/Final%20Project/Final%20GUI/TicTacGuiV4.0/src/game/Board.java</file>
            <file>file:/D:/Java/Final%20Project/Final%20GUI/TicTacGuiV4.0/src/tictacgui/Scores.java</file>
            <file>file:/D:/Java/Final%20Project/Final%20GUI/TicTacGuiV4.0/src/tictacgui/AIScreen.java</file>
            <file>file:/D:/Java/Final%20Project/Final%20GUI/TicTacGuiV4.0/src/tictacgui/OptionScreen.java</file>
            <file>file:/D:/Java/Final%20Project/Final%20GUI/TicTacGuiV4.0/src/game/GameLevel.java</file>
        </group>
    </open-files>
</project-private>
