<?xml version="1.0" encoding="UTF-8"?>
<project-private xmlns="http://www.netbeans.org/ns/project-private/1">
    <editor-bookmarks xmlns="http://www.netbeans.org/ns/editor-bookmarks/2" lastBookmarkId="7">
        <file>
            <url>src/game/Game.java</url>
            <bookmark id="2">
                <name/>
                <line>50</line>
                <key/>
            </bookmark>
            <bookmark id="4">
                <name/>
                <line>60</line>
                <key/>
            </bookmark>
        </file>
        <file>
            <url>src/tictacgui/ChooseGame.java</url>
            <bookmark id="5">
                <name/>
                <line>166</line>
                <key/>
            </bookmark>
        </file>
        <file>
            <url>src/game/FilesHandler.java</url>
            <bookmark id="6">
                <name/>
                <line>55</line>
                <key/>
            </bookmark>
            <bookmark id="7">
                <name/>
                <line>73</line>
                <key/>
            </bookmark>
        </file>
    </editor-bookmarks>
    <open-files xmlns="http://www.netbeans.org/ns/projectui-open-files/2">
        <group>
            <file>file:/D:/Java/Final%20Project/Final%20GUI/TicTacGui/src/tictacgui/ChooseGameLevelScreen.java</file>
            <file>file:/D:/Java/Final%20Project/Final%20GUI/TicTacGui/src/tictacgui/OptionScreen.java</file>
            <file>file:/D:/Java/Final%20Project/Final%20GUI/TicTacGui/src/game/Game.java</file>
            <file>file:/D:/Java/Final%20Project/Final%20GUI/TicTacGui/src/game/TicTacToe.java</file>
            <file>file:/D:/Java/Final%20Project/Final%20GUI/TicTacGui/src/tictacgui/SinglePlayerBoard.java</file>
            <file>file:/D:/Java/Final%20Project/Final%20GUI/TicTacGui/src/tictacgui/ScoresScreen.java</file>
            <file>file:/D:/Java/Final%20Project/Final%20GUI/TicTacGui/src/game/GameLevel.java</file>
            <file>file:/D:/Java/Final%20Project/Final%20GUI/TicTacGui/src/tictacgui/ChooseGameModeScreen.java</file>
            <file>file:/D:/Java/Final%20Project/Final%20GUI/TicTacGui/src/tictacgui/ReplayScreen.java</file>
            <file>file:/D:/Java/Final%20Project/Final%20GUI/TicTacGui/src/tictacgui/TicTacGui.java</file>
            <file>file:/D:/Java/Final%20Project/Final%20GUI/TicTacGui/src/tictacgui/HomeScreen.java</file>
            <file>file:/D:/Java/Final%20Project/Final%20GUI/TicTacGui/src/game/RecordGameMode.java</file>
            <file>file:/D:/Java/Final%20Project/Final%20GUI/TicTacGui/src/tictacgui/MultiPlayerBoard.java</file>
            <file>file:/D:/Java/Final%20Project/Final%20GUI/TicTacGui/src/game/HumanPlayer.java</file>
            <file>file:/D:/Java/Final%20Project/Final%20GUI/TicTacGui/src/tictacgui/OverNetworkBoard.java</file>
            <file>file:/D:/Java/Final%20Project/Final%20GUI/TicTacGui/src/tictacgui/UsernameScreen.java</file>
        </group>
    </open-files>
</project-private>
